token_id,corpus,text_unit,source_location,token_text,primary_function,secondary_function,evidence_status,restoration_flag,confidence,FORM_VOWEL_SERIES,FORM_CONSONANT_FRAME,FORM_VOWEL_CONSONANT_COMBINATION,FORM_REPETITION,FORM_GROUPING,FORM_PREFIX_SUFFIX,FORM_GRAPHIC_SEAL_SIGN,FORM_NAME_WORD,FORM_NONLEXICAL_SOUND,FORM_FIXED_SEQUENCE,PERF_BEAT_ICTUS,PERF_PITCH_SPECIFIED,PERF_SILENCE,PERF_ATTACK_ONSET,PERF_BREATH_PATTERN,PERF_ASPIRATION,PERF_PROLONGATION,PERF_REPETITION_COUNT,PERF_HISS,PERF_POP_CLICK,PERF_BELLOW,PERF_GROAN_MOAN,PERF_ANIMAL_TIMBRE,PERF_DIRECTIONAL_PROJECTION,PERF_VOLUME_INTENSITY,PERF_GESTURE_COUPLED,PERF_BODY_POSTURE_COUPLED,REPETITION_N,ORDER_POSITION,DURATION_CLASS,ACCESS_BOUNDARY_PRESENT,ACCESS_VERIFIER_PRESENT,ACCESS_TOKEN_SPECIFIC,ACCESS_BEHAVIOR_CHANGE,ACCESS_PASSAGE_FOLLOWS,notes,source_id
M13-01,Marsanes,B1,X 26:3-6,A E ETA I O U OMEGA,TRANSFORMATION_FORMATION,DIVINE_NAMING_IDENTITY,PRIMARY_SECURE,NO,HIGH,1,0,0,0,1,0,0,0,0,1,0,0,0,0,0,0,0,0,0,0,0,0,0,0,0,0,0,0,0,0,0,0,0,0,0,Self-begotten soul configuration; individual vowel semantics not assumed.,SRC-MAR-REPO
M13-02,Marsanes,B2,X 28:12-22,tripled simple-vowel groups,TRANSFORMATION_FORMATION,,PRIMARY_RESTORED,YES,HIGH,0,0,0,1,1,0,0,0,0,1,0,0,0,0,0,0,0,0,0,0,0,0,0,0,0,0,0,3,0,0,0,0,0,0,0,Male third soul configuration; some tokens restored.,SRC-MAR-REPO
M13-03,Marsanes,B3,X 27:13-18; 30:3-9,vowel + consonant nomenclature,DIVINE_NAMING_IDENTITY,,PRIMARY_SECURE,NO,HIGH,0,1,1,0,0,0,0,1,0,0,0,0,0,0,0,0,0,0,0,0,0,0,0,0,0,0,0,0,0,0,0,0,0,0,0,General binding secure; full grid restoration-sensitive.,SRC-MAR-REPO
M13-04,Marsanes,B4,X 30:12-18,altered consonantal form with beat/pitch/silence/onset,DIVINE_NAMING_IDENTITY,CONTROL_SUBJECTION,PRIMARY_RESTORED,YES,MODERATE,0,1,0,0,0,1,0,1,0,0,1,1,1,1,0,0,0,0,0,0,0,0,0,0,0,0,0,0,0,0,0,0,0,0,0,Hidden-power relation; direction of agency unresolved.,SRC-MAR-REPO
G13-01,TrimorphicProtennoia,ThoughtVoiceWord,"XIII,1",Thought -> Voice -> Speech/Word,TRANSFORMATION_FORMATION,REVELATION_VISION,PRIMARY_SECURE,NO,HIGH,0,0,0,0,0,0,0,1,0,1,0,0,0,0,0,0,0,0,0,0,0,0,0,0,0,0,0,0,0,0,0,0,0,0,0,Manifestation chain.,SRC-PROJ-V9
G13-02,TrimorphicProtennoia,VoiceReveal,"XIII,1",Voice/Word,REVELATION_VISION,,PRIMARY_SECURE,NO,HIGH,0,0,0,0,0,0,0,1,0,0,0,0,0,0,0,0,0,0,0,0,0,0,0,0,0,0,0,0,0,0,0,0,0,0,0,Voice/Word mediates revelation/knowledge.,SRC-PROJ-V9
G13-03,ThreeSteles,CommandReveal,"VII,5",command/word,REVELATION_VISION,,PRIMARY_SECURE,NO,HIGH,0,0,0,0,0,0,0,1,0,0,0,0,0,0,0,0,0,0,0,0,0,0,0,0,0,0,0,0,0,0,0,0,0,0,0,Command/word linked to seeing/knowledge/salvation.,SRC-PROJ-V9
G13-04,ThreeSteles,SilenceAscent,"VII,5",blessing -> silence -> ascent,ASCENT_PASSAGE,,PRIMARY_SECURE,NO,HIGH,0,0,0,0,0,0,0,0,0,1,0,0,1,0,0,0,0,0,0,0,0,0,0,0,0,0,0,0,0,0,1,0,0,0,1,Silence functions in ascent sequence.,SRC-PROJ-V9
G13-05,Allogenes,Manifestation,"XI,3",source -> Vitality/Existence,TRANSFORMATION_FORMATION,,PRIMARY_SECURE,NO,HIGH,0,0,0,0,0,0,0,0,0,1,0,0,0,0,0,0,0,0,0,0,0,0,0,0,0,0,0,0,0,0,0,0,0,0,0,Ontological manifestation chain.,SRC-PROJ-V9
G13-06,Allogenes,Ascent,"XI,3",silence/knowledge -> ascent,ASCENT_PASSAGE,REVELATION_VISION,PRIMARY_SECURE,NO,HIGH,0,0,0,0,0,0,0,0,0,0,0,0,1,0,0,0,0,0,0,0,0,0,0,0,0,0,0,0,0,0,1,0,0,0,1,Ascent toward Unknown One.,SRC-PROJ-V9
G13-07,Discourse89,InstrumentVoice,"VI,6",mind as plectrum / human as instrument,REVELATION_VISION,,TRANSLATION_LEVEL,NO,MODERATE,0,0,0,0,0,0,0,1,0,0,1,0,0,0,0,0,0,0,0,0,0,0,0,0,0,0,0,0,0,0,0,0,0,0,0,Instrumental sound imagery; performance coding conservative.,SRC-PROJ-V9
G13-08,BruceUntitled,VoiceWordManifest,Bruce Codex Untitled,voice/first sound/Word,TRANSFORMATION_FORMATION,REVELATION_VISION,TRANSLATION_LEVEL,NO,MODERATE,0,0,0,0,0,0,0,1,0,1,0,0,0,0,0,0,0,0,0,0,0,0,0,0,0,0,0,0,0,0,0,0,0,0,0,Source-carrier-effect chain.,SRC-PROJ-V9
G13-09,PistisSophia,MysterySealPassage,selected ascent unit,mystery/name/seal,ASCENT_PASSAGE,,TRANSLATION_LEVEL,NO,MODERATE,0,0,0,0,0,0,1,1,0,0,0,0,0,0,0,0,0,0,0,0,0,0,0,0,0,0,0,0,0,0,1,0,1,0,1,Passage upward.,SRC-PROJ-V9
G13-10,BooksOfJeu,SealNameDefence,selected ascent unit,seal + name + defence,ASCENT_PASSAGE,PROTECTION_APOTROPAIC,TRANSLATION_LEVEL,NO,MODERATE,0,0,0,0,0,0,1,1,0,1,0,0,0,0,0,0,0,0,0,0,0,0,0,0,0,0,0,0,0,0,1,1,1,1,1,Guardian withdrawal then passage.,SRC-PROJ-V9
H13-01,HekhalotRabbati,G1,chs. 19-21 / G1,TWTRWSYAY_YHWH,ASCENT_PASSAGE,PROTECTION_APOTROPAIC,TRANSLATION_LEVEL,NO,MODERATE,0,0,0,0,0,0,1,1,0,0,0,0,0,0,0,0,0,0,0,0,0,0,0,0,0,0,0,0,0,0,1,1,1,1,1,Bahabiel: accepted; conveyed onward,SRC-HEK-V7
H13-02,HekhalotRabbati,G1,chs. 19-21 / G1,SURIA,ASCENT_PASSAGE,PROTECTION_APOTROPAIC,TRANSLATION_LEVEL,NO,MODERATE,0,0,0,0,0,0,1,1,0,0,0,0,0,0,0,0,0,0,0,0,0,0,0,0,0,0,0,0,0,0,1,1,1,1,1,Tofhiel: accepted; conveyed onward,SRC-HEK-V7
H13-03,HekhalotRabbati,G2,chs. 19-21 / G2,ADRYHRWN_YHWH,ASCENT_PASSAGE,PROTECTION_APOTROPAIC,TRANSLATION_LEVEL,NO,MODERATE,0,0,0,0,0,0,1,1,0,0,0,0,0,0,0,0,0,0,0,0,0,0,0,0,0,0,0,0,0,0,1,1,1,1,1,Tigriel: accepted; conveyed onward,SRC-HEK-V7
H13-04,HekhalotRabbati,G2,chs. 19-21 / G2,AWHZYA,ASCENT_PASSAGE,PROTECTION_APOTROPAIC,TRANSLATION_LEVEL,NO,MODERATE,0,0,0,0,0,0,1,1,0,0,0,0,0,0,0,0,0,0,0,0,0,0,0,0,0,0,0,0,0,0,1,1,1,1,1,Matpiel: accepted; conveyed onward,SRC-HEK-V7
H13-05,HekhalotRabbati,G3,chs. 19-21 / G3,TZWRTQ_YHWH,ASCENT_PASSAGE,PROTECTION_APOTROPAIC,TRANSLATION_LEVEL,NO,MODERATE,0,0,0,0,0,0,1,1,0,0,0,0,0,0,0,0,0,0,0,0,0,0,0,0,0,0,0,0,0,0,1,1,1,1,1,Shabbarriel: accepted; conveyed onward,SRC-HEK-V7
H13-06,HekhalotRabbati,G3,chs. 19-21 / G3,DHABHYURUN,ASCENT_PASSAGE,PROTECTION_APOTROPAIC,TRANSLATION_LEVEL,NO,MODERATE,0,0,0,0,0,0,1,1,0,0,0,0,0,0,0,0,0,0,0,0,0,0,0,0,0,0,0,0,0,0,1,1,1,1,1,Ratzutziel: accepted; conveyed onward,SRC-HEK-V7
H13-07,HekhalotRabbati,G4,chs. 19-21 / G4,ZVUDIEL_YHWH,ASCENT_PASSAGE,PROTECTION_APOTROPAIC,TRANSLATION_LEVEL,NO,MODERATE,0,0,0,0,0,0,1,1,0,0,0,0,0,0,0,0,0,0,0,0,0,0,0,0,0,0,0,0,0,0,1,1,1,1,1,Pahadiel: accepted; conveyed onward,SRC-HEK-V7
H13-08,HekhalotRabbati,G4,chs. 19-21 / G4,MARGEYOIEL,ASCENT_PASSAGE,PROTECTION_APOTROPAIC,TRANSLATION_LEVEL,NO,MODERATE,0,0,0,0,0,0,1,1,0,0,0,0,0,0,0,0,0,0,0,0,0,0,0,0,0,0,0,0,0,0,1,1,1,1,1,Gevuratiel: accepted; conveyed onward,SRC-HEK-V7
H13-09,HekhalotRabbati,G5,chs. 19-21 / G5,TOTARVIEL_YHWH,ASCENT_PASSAGE,PROTECTION_APOTROPAIC,TRANSLATION_LEVEL,NO,MODERATE,0,0,0,0,0,0,1,1,0,0,0,0,0,0,0,0,0,0,0,0,0,0,0,0,0,0,0,0,0,0,1,1,1,1,1,Tahiel: accepted; conveyed onward,SRC-HEK-V7
H13-10,HekhalotRabbati,G5,chs. 19-21 / G5,ZAHPENIRIYA,ASCENT_PASSAGE,PROTECTION_APOTROPAIC,TRANSLATION_LEVEL,NO,MODERATE,0,0,0,0,0,0,1,1,0,0,0,0,0,0,0,0,0,0,0,0,0,0,0,0,0,0,0,0,0,0,1,1,1,1,1,Uziel: accepted; conveyed to sixth gate,SRC-HEK-V7
H13-11,HekhalotRabbati,G6,chs. 19-21 / G6,ZAHARARIEL,ASCENT_PASSAGE,PROTECTION_APOTROPAIC,TRANSLATION_LEVEL,NO,MODERATE,0,0,0,0,0,0,1,1,0,0,0,0,0,0,0,0,0,0,0,0,0,0,0,0,0,0,0,0,0,0,1,1,1,1,1,Qatzpiel: hostility neutralized; conveyed onward,SRC-HEK-V7
H13-12,HekhalotRabbati,G6,chs. 19-21 / G6,PAALEI_PEALAV,ASCENT_PASSAGE,PROTECTION_APOTROPAIC,TRANSLATION_LEVEL,NO,MODERATE,0,0,0,0,0,0,1,1,0,0,0,0,0,0,0,0,0,0,0,0,0,0,0,0,0,0,0,0,0,0,1,1,1,1,1,Qatzpiel: hostility neutralized; conveyed onward,SRC-HEK-V7
H13-13,HekhalotRabbati,G6,chs. 19-21 / G6,BARUNIH,ASCENT_PASSAGE,PROTECTION_APOTROPAIC,TRANSLATION_LEVEL,NO,MODERATE,0,0,0,0,0,0,1,1,0,0,0,0,0,0,0,0,0,0,0,0,0,0,0,0,0,0,0,0,0,0,1,1,1,1,1,Dumiel: accepted; bearer passes unquestioned,SRC-HEK-V7
P13-01,PGM_IV_Mithras,Breath3,PGM IV.537,draw breath from rays three times,ASCENT_PASSAGE,,TRANSLATION_LEVEL,NO,HIGH,0,0,0,0,0,0,0,0,0,0,0,0,0,0,1,0,0,1,0,0,0,0,0,0,0,0,0,3,0,0,0,0,0,0,1,Breath instruction precedes lifting/ascent.,SRC-PGM-BETZ
P13-02,PGM_IV_Mithras,Silence3,PGM IV.558,silence three times,ASCENT_PASSAGE,,TRANSLATION_LEVEL,NO,HIGH,0,0,0,0,0,0,0,0,0,0,0,0,1,0,0,0,0,1,0,0,0,0,0,0,0,0,0,3,0,0,0,0,0,0,1,Explicit ritual silence.,SRC-PGM-BETZ
P13-03,PGM_IV_Mithras,HissPop,PGM IV.561,long hiss + pop,CONTROL_SUBJECTION,,TRANSLATION_LEVEL,NO,HIGH,0,0,0,0,0,0,0,0,1,0,0,0,0,0,0,0,1,0,1,1,0,0,0,0,0,0,0,0,0,0,0,1,0,1,0,Associated with change in divine/guardian response.,SRC-PGM-BETZ
P13-04,PGM_IV_Mithras,Hiss2Pop2,PGM IV.578,hiss twice + pop twice,REVELATION_VISION,,TRANSLATION_LEVEL,NO,HIGH,0,0,0,0,0,0,0,0,1,0,0,0,0,0,0,0,0,1,1,1,0,0,0,0,0,0,0,2,0,0,0,0,0,0,0,Marks transition into next visionary stage.,SRC-PGM-BETZ
P13-05,PGM_IV_Mithras,LongBellow,PGM IV.624ff,long bellowing until out of breath,GENERIC_RITUAL_EFFECT,,TRANSLATION_LEVEL,NO,HIGH,0,0,0,0,0,0,0,0,1,0,0,0,0,0,1,0,1,0,0,0,1,0,0,0,0,0,1,0,0,2,0,0,0,0,0,Prescribed to excite the five senses.,SRC-PGM-BETZ
P13-06,PGM_V_Oracle,A-wave,PGM V.1-53,A,REVELATION_VISION,,TRANSLATION_LEVEL,NO,HIGH,0,0,0,0,0,0,0,0,1,0,0,0,0,0,0,0,0,0,0,0,0,0,0,0,0,0,0,0,0,0,0,0,0,0,0,"Open mouth, undulating like a wave; schema lacks generic mouth-shape/timbre feature.",SRC-PGM-BETZ
P13-07,PGM_V_Oracle,O-short-breathed,PGM V.1-53,O,REVELATION_VISION,,TRANSLATION_LEVEL,NO,HIGH,0,0,0,0,0,0,0,0,1,0,0,0,0,0,1,0,0,0,0,0,0,0,0,0,0,0,0,0,0,1,0,0,0,0,0,"Succinctly, as a breathed threat.",SRC-PGM-BETZ
P13-08,PGM_V_Oracle,IAO-directional,PGM V.1-53,IAO,REVELATION_VISION,,TRANSLATION_LEVEL,NO,HIGH,0,0,0,0,0,0,0,1,0,0,0,0,0,0,0,0,0,0,0,0,0,0,0,1,0,0,0,0,0,0,0,0,0,0,0,"Directed to earth, air, and heaven.",SRC-PGM-BETZ
P13-09,PGM_V_Oracle,E-baboon,PGM V.1-53,E,REVELATION_VISION,,TRANSLATION_LEVEL,NO,HIGH,0,0,0,0,0,0,0,0,1,0,0,0,0,0,0,0,0,0,0,0,0,0,1,0,0,0,0,0,0,0,0,0,0,0,0,Pronounced like a baboon.,SRC-PGM-BETZ
P13-10,PGM_V_Oracle,O-repeat-style,PGM V.1-53,O,REVELATION_VISION,,TRANSLATION_LEVEL,NO,MODERATE,0,0,0,0,0,0,0,0,1,0,0,0,0,0,1,0,0,0,0,0,0,0,0,0,0,0,0,0,0,1,0,0,0,0,0,Translation says same way as above; antecedent somewhat ambiguous.,SRC-PGM-BETZ
P13-11,PGM_V_Oracle,E-aspirated,PGM V.1-53,E,REVELATION_VISION,,TRANSLATION_LEVEL,NO,HIGH,0,0,0,0,0,0,0,0,1,0,0,0,0,0,0,1,0,0,0,0,0,0,0,0,0,0,0,0,0,0,0,0,0,0,0,"With enjoyment, aspirating it.",SRC-PGM-BETZ
P13-12,PGM_V_Oracle,Y-prolonged,PGM V.1-53,Y,REVELATION_VISION,,TRANSLATION_LEVEL,NO,HIGH,0,0,0,0,0,0,0,0,1,0,0,0,0,0,0,0,1,0,0,0,0,0,0,0,0,0,0,0,0,2,0,0,0,0,0,"Like a shepherd, drawing out pronunciation.",SRC-PGM-BETZ
P13-13,PGM_VII_Lunar,NameCompanion,PGM VII.756-794 companion 1,silence,DIVINE_NAMING_IDENTITY,GENERIC_RITUAL_EFFECT,TRANSLATION_LEVEL,NO,HIGH,0,0,0,0,0,0,0,0,1,1,0,0,1,0,0,0,0,0,0,0,0,0,0,0,0,0,0,0,1,0,0,0,0,0,0,Named as a companion/sign of the lunar deity's name.,SRC-PGM-VII
P13-14,PGM_VII_Lunar,NameCompanion,PGM VII.756-794 companion 2,popping sound,DIVINE_NAMING_IDENTITY,GENERIC_RITUAL_EFFECT,TRANSLATION_LEVEL,NO,HIGH,0,0,0,0,0,0,0,0,1,1,0,0,0,0,0,0,0,0,0,1,0,0,0,0,0,0,0,0,2,0,0,0,0,0,0,Named as a companion/sign of the lunar deity's name.,SRC-PGM-VII
P13-15,PGM_VII_Lunar,NameCompanion,PGM VII.756-794 companion 3,sighing/groaning,DIVINE_NAMING_IDENTITY,GENERIC_RITUAL_EFFECT,TRANSLATION_LEVEL,NO,HIGH,0,0,0,0,0,0,0,0,1,1,0,0,0,0,0,0,0,0,0,0,0,1,0,0,0,0,0,0,3,0,0,0,0,0,0,Named as a companion/sign of the lunar deity's name.,SRC-PGM-VII
P13-16,PGM_VII_Lunar,NameCompanion,PGM VII.756-794 companion 4,hissing,DIVINE_NAMING_IDENTITY,GENERIC_RITUAL_EFFECT,TRANSLATION_LEVEL,NO,HIGH,0,0,0,0,0,0,0,0,1,1,0,0,0,0,0,0,0,0,1,0,0,0,0,0,0,0,0,0,4,0,0,0,0,0,0,Named as a companion/sign of the lunar deity's name.,SRC-PGM-VII
P13-17,PGM_VII_Lunar,NameCompanion,PGM VII.756-794 companion 5,cry of joy,DIVINE_NAMING_IDENTITY,GENERIC_RITUAL_EFFECT,TRANSLATION_LEVEL,NO,HIGH,0,0,0,0,0,0,0,0,1,1,0,0,0,0,0,0,0,0,0,0,0,0,0,0,1,0,0,0,5,0,0,0,0,0,0,Named as a companion/sign of the lunar deity's name.,SRC-PGM-VII
P13-18,PGM_VII_Lunar,NameCompanion,PGM VII.756-794 companion 6,moaning,DIVINE_NAMING_IDENTITY,GENERIC_RITUAL_EFFECT,TRANSLATION_LEVEL,NO,HIGH,0,0,0,0,0,0,0,0,1,1,0,0,0,0,0,0,0,0,0,0,0,1,0,0,0,0,0,0,6,0,0,0,0,0,0,Named as a companion/sign of the lunar deity's name.,SRC-PGM-VII
P13-19,PGM_VII_Lunar,NameCompanion,PGM VII.756-794 companion 7,barking,DIVINE_NAMING_IDENTITY,GENERIC_RITUAL_EFFECT,TRANSLATION_LEVEL,NO,HIGH,0,0,0,0,0,0,0,0,1,1,0,0,0,0,0,0,0,0,0,0,0,0,1,0,0,0,0,0,7,0,0,0,0,0,0,Named as a companion/sign of the lunar deity's name.,SRC-PGM-VII
P13-20,PGM_VII_Lunar,NameCompanion,PGM VII.756-794 companion 8,bellowing,DIVINE_NAMING_IDENTITY,GENERIC_RITUAL_EFFECT,TRANSLATION_LEVEL,NO,HIGH,0,0,0,0,0,0,0,0,1,1,0,0,0,0,0,0,0,0,0,0,1,0,1,0,0,0,0,0,8,0,0,0,0,0,0,Named as a companion/sign of the lunar deity's name.,SRC-PGM-VII
P13-21,PGM_VII_Lunar,NameCompanion,PGM VII.756-794 companion 9,neighing/thundering,DIVINE_NAMING_IDENTITY,GENERIC_RITUAL_EFFECT,TRANSLATION_LEVEL,NO,HIGH,0,0,0,0,0,0,0,0,1,1,0,0,0,0,0,0,0,0,0,0,0,0,1,0,0,0,0,0,9,0,0,0,0,0,0,Named as a companion/sign of the lunar deity's name.,SRC-PGM-VII
P13-22,PGM_VII_Lunar,NameCompanion,PGM VII.756-794 companion 10,musical sound,DIVINE_NAMING_IDENTITY,GENERIC_RITUAL_EFFECT,TRANSLATION_LEVEL,NO,HIGH,0,0,0,0,0,0,0,0,1,1,0,0,0,0,0,0,0,0,0,0,0,0,0,0,0,0,0,0,10,0,0,0,0,0,0,Named as a companion/sign of the lunar deity's name.,SRC-PGM-VII
P13-23,PGM_VII_Lunar,NameCompanion,PGM VII.756-794 companion 11,sounding wind,DIVINE_NAMING_IDENTITY,GENERIC_RITUAL_EFFECT,TRANSLATION_LEVEL,NO,HIGH,0,0,0,0,0,0,0,0,1,1,0,0,0,0,0,0,0,0,0,0,0,0,0,0,0,0,0,0,11,0,0,0,0,0,0,Named as a companion/sign of the lunar deity's name.,SRC-PGM-VII
P13-24,PGM_VII_Lunar,NameCompanion,PGM VII.756-794 companion 12,wind-creating sound,DIVINE_NAMING_IDENTITY,GENERIC_RITUAL_EFFECT,TRANSLATION_LEVEL,NO,HIGH,0,0,0,0,0,0,0,0,1,1,0,0,0,0,0,0,0,0,0,0,0,0,0,0,0,0,0,0,12,0,0,0,0,0,0,Named as a companion/sign of the lunar deity's name.,SRC-PGM-VII
P13-25,PGM_VII_Lunar,NameCompanion,PGM VII.756-794 companion 13,coercive sound,DIVINE_NAMING_IDENTITY,GENERIC_RITUAL_EFFECT,TRANSLATION_LEVEL,NO,HIGH,0,0,0,0,0,0,0,0,1,1,0,0,0,0,0,0,0,0,0,0,0,0,0,0,1,0,0,0,13,0,0,0,0,0,0,Named as a companion/sign of the lunar deity's name.,SRC-PGM-VII
P13-26,PGM_VII_Lunar,NameCompanion,PGM VII.756-794 companion 14,coercive emanation,DIVINE_NAMING_IDENTITY,GENERIC_RITUAL_EFFECT,TRANSLATION_LEVEL,NO,HIGH,0,0,0,0,0,0,0,0,1,1,0,0,0,0,0,0,0,0,0,0,0,0,0,0,0,0,0,0,14,0,0,0,0,0,0,Named as a companion/sign of the lunar deity's name.,SRC-PGM-VII
C13-01,Dionysius_Composition,SpeechPitch,De Compositione 11,speaking voice rises/falls in pitch,PEDAGOGICAL_PROSODIC_CONTROL,,TRANSLATION_LEVEL,NO,HIGH,0,0,0,0,0,0,0,0,0,0,0,1,0,0,0,0,0,0,0,0,0,0,0,0,0,0,0,0,0,0,0,0,0,0,0,Secular rhetorical/prosodic discussion.,SRC-DIONYSIUS
C13-02,Dionysius_Composition,AcuteGrave,De Compositione 11,acute vs grave pitch,PEDAGOGICAL_PROSODIC_CONTROL,,TRANSLATION_LEVEL,NO,HIGH,0,0,0,0,0,0,0,0,0,0,0,1,0,0,0,0,0,0,0,0,0,0,0,0,0,0,0,0,0,0,0,0,0,0,0,"Pitch accent, non-ritual.",SRC-DIONYSIUS
C13-03,Dionysius_Composition,SingingRange,De Compositione 11,singing uses wider pitch intervals,PEDAGOGICAL_PROSODIC_CONTROL,,TRANSLATION_LEVEL,NO,HIGH,0,0,0,0,0,0,0,0,0,0,0,1,0,0,0,0,0,0,0,0,0,0,0,0,0,0,0,0,0,0,0,0,0,0,0,Musical/prosodic control.,SRC-DIONYSIUS
C13-04,Dionysius_Composition,SyllableLength,De Compositione 11,syllable length regulated by musical time,PEDAGOGICAL_PROSODIC_CONTROL,,TRANSLATION_LEVEL,NO,HIGH,0,0,0,0,0,0,0,0,0,0,0,0,0,0,0,0,0,0,0,0,0,0,0,0,0,0,0,0,0,2,0,0,0,0,0,"Duration/quantity control, non-ritual.",SRC-DIONYSIUS
C13-05,Dionysius_Composition,Rhythm,De Compositione 11,speech has rhythm/cadence,PEDAGOGICAL_PROSODIC_CONTROL,,TRANSLATION_LEVEL,NO,HIGH,0,0,0,0,0,0,0,0,0,0,0,0,0,0,0,0,0,0,0,0,0,0,0,0,0,0,0,0,0,0,0,0,0,0,0,Direct rhythm discussion; no PERF_BEAT_ICTUS inference because no discrete ictus prescribed.,SRC-DIONYSIUS
C13-06,Dionysius_Composition,MelodyRhythm,De Compositione 11,melody + rhythm as composition properties,PEDAGOGICAL_PROSODIC_CONTROL,,TRANSLATION_LEVEL,NO,HIGH,0,0,0,0,0,0,0,0,0,0,0,1,0,0,0,0,0,0,0,0,0,0,0,0,0,0,0,0,0,0,0,0,0,0,0,Ordinary aesthetic/prosodic function.,SRC-DIONYSIUS
SO13-01,PGM_SourceOrder,PGM I.1-42,PGM I.1-42,vowel-formula + direct address to deified falcon,GENERIC_RITUAL_EFFECT,DIVINE_NAMING_IDENTITY,TRANSLATION_LEVEL,NO,HIGH,1,0,0,1,1,0,0,0,0,1,0,0,0,0,0,0,0,0,0,0,0,0,0,1,0,0,0,0,0,0,0,0,0,0,0,"After sacrifice, practitioner is instructed to speak directly to the bird; written vowel staircase is part of the rite.",SRC-SO-BETZ-I1
SO13-02,PGM_SourceOrder,PGM I.42-195,PGM I.42-195,assistant-daimon rite dismissal,GENERIC_RITUAL_EFFECT,,TRANSLATION_LEVEL,NO,MODERATE,0,0,0,0,0,0,0,0,0,0,0,0,0,0,0,0,0,0,0,0,0,0,0,0,0,0,1,0,0,0,0,0,0,0,0,"Dismissal instruction includes going barefoot and walking backwards; coded as embodied execution, not as vocal performance.",SRC-SO-BETZ-I42
SO13-03,PGM_SourceOrder,PGM I.222-231,PGM I.222-231,invisibility invocation to Helios,GENERIC_RITUAL_EFFECT,,TRANSLATION_LEVEL,NO,HIGH,0,0,0,0,0,0,0,1,0,0,0,0,0,0,0,0,0,0,0,0,0,0,0,1,0,0,0,0,0,0,0,0,0,0,0,Greek instruction 'say to Helios'; scholarly commentary notes directional force 'speak toward Helios'.,SRC-SO-PGMI222
SO13-04,PGM_SourceOrder,PGM I.232-247,PGM I.232-247,memory incantation facing the moon,GENERIC_RITUAL_EFFECT,REVELATION_VISION,SCHOLARLY_PARAPHRASE,NO,MODERATE,0,0,0,0,0,0,0,1,0,0,0,0,0,0,0,0,0,0,0,0,0,0,0,1,0,0,1,0,0,0,0,0,0,0,0,Secondary scholarly summary: formula recited facing moon while prostrating; retained outside strict primary-only sensitivity if necessary.,SRC-SO-MEMORY
SO13-05,PGM_SourceOrder,PGM II.1-64,PGM II.1-64,revelation invocation while lying on right side,REVELATION_VISION,,TRANSLATION_LEVEL,NO,HIGH,0,0,0,0,0,0,0,1,0,1,0,0,0,0,0,0,0,0,0,0,0,0,0,0,0,0,1,0,0,0,0,0,0,0,0,Practitioner lies on right side on ground/open air while uttering invocation and gives answer to nobody.,SRC-SO-PGMII1
SO13-06,PGM_SourceOrder,PGM III.1-164,PGM III.1-164,formula spoken while drowning cat,GENERIC_RITUAL_EFFECT,CONTROL_SUBJECTION,TRANSLATION_LEVEL,NO,HIGH,0,0,0,0,0,0,0,1,0,0,0,0,0,0,0,0,0,0,0,0,0,0,0,1,0,1,0,0,0,0,0,0,0,0,0,"Instruction couples speech to physical action: while drowning animal, speak formula to its back.",SRC-SO-PGMIII1
SO13-07,PGM_SourceOrder,PGM III.263-275,PGM III.263-275,foreknowledge charm with finger under tongue,REVELATION_VISION,,SCHOLARLY_PARAPHRASE,NO,HIGH,0,0,0,0,0,0,0,0,0,0,0,0,0,0,0,0,0,0,0,0,0,0,0,0,0,0,1,0,0,0,0,0,0,0,0,Instruction places finger under tongue before speaking to anyone; explicit embodied speech constraint.,SRC-SO-PGMIII263
SO13-08,PGM_SourceOrder,PGM III.282-409,PGM III.282-409,foreknowledge formula facing sunrise,REVELATION_VISION,,TRANSLATION_LEVEL,NO,MODERATE,0,0,0,0,0,0,0,1,0,0,0,0,0,0,0,0,0,0,0,0,0,0,0,1,0,0,0,0,0,0,0,0,0,0,0,Multiple recitation stages are oriented toward sunrise; coded once at procedure level to avoid pseudo-replication.,SRC-SO-PGMIII282
SO13-09,PGM_SourceOrder,PGM III.424-466,PGM III.424-466,knowledge/foreknowledge rite performed silently,REVELATION_VISION,,TRANSLATION_LEVEL,NO,HIGH,0,0,0,0,0,0,0,0,0,0,0,0,1,0,0,0,0,0,0,0,0,0,0,0,0,0,0,0,0,0,0,0,0,0,0,Text instructs: perform it successfully and silently.,SRC-SO-PGMIII424
SO13-10,PGM_SourceOrder,PGM III.479-483,PGM III.479-483,foreknowledge formula spoken toward the height of heaven,REVELATION_VISION,,PRIMARY_SECURE,NO,HIGH,0,0,0,0,0,0,0,1,0,0,0,0,0,0,0,0,0,0,0,0,0,0,0,1,0,0,0,0,0,0,0,0,0,0,0,Greek text gives lege eis to hypsos tou ouranou kyklou; directional delivery is explicit.,SRC-SO-PGMIII479
SO13-11,PGM_SourceOrder,PGM III.612-632,PGM III.612-632,shadow-control formula while prostrate with hands extended,CONTROL_SUBJECTION,,TRANSLATION_LEVEL,NO,HIGH,0,0,0,0,0,0,0,1,0,0,0,0,0,0,0,0,0,0,0,0,0,0,0,0,0,1,1,0,0,0,0,0,0,0,0,"Practitioner prostrates, stretches out hands, and utters formula; later addresses shadow directly.",SRC-SO-PGMIII612
SO13-12,PGM_SourceOrder,PGM IV.88-93,PGM IV.88-93,Helios medium rite with clap/ringing sound,REVELATION_VISION,,TRANSLATION_LEVEL,NO,HIGH,0,0,0,0,0,0,0,1,1,0,0,0,0,0,0,0,0,0,0,0,0,0,0,1,0,1,0,0,0,0,0,0,0,0,0,"Wrap boy, clap hands, make a ringing noise, place him opposite sun, stand behind him and say formula.",SRC-SO-PGMIV88
SO13-13,PGM_SourceOrder,PGM IV.154-285,PGM IV.154-285,Typhon initiation invocation repeated three times in fixed posture,CONTROL_SUBJECTION,TRANSFORMATION_FORMATION,SCHOLARLY_PARAPHRASE,NO,MODERATE,0,0,0,0,0,0,0,1,0,1,0,0,0,0,0,0,0,1,0,0,0,0,0,1,0,0,1,3,0,0,0,0,0,0,0,Modern scholarly/practitioner translation reports three recitations while corpse-like/facing sun; excluded from strict primary-only analysis.,SRC-SO-PGMIV154
SO13-14,PGM_SourceOrder,PGM IV.286-295,PGM IV.286-295,plant-picking incantation facing the sun,GENERIC_RITUAL_EFFECT,,TRANSLATION_LEVEL,NO,HIGH,0,0,0,0,0,0,0,1,0,0,0,0,0,0,0,0,0,0,0,0,0,0,0,1,0,1,0,0,0,0,0,0,0,0,0,Incantation is spoken while picking plant and facing the sun.,SRC-SO-PGMIV286
SO13-15,PGM_SourceOrder,PGM IV.296-466,PGM IV.296-466,thirteen needle-piercings with formula each time,CONTROL_SUBJECTION,,TRANSLATION_LEVEL,NO,HIGH,0,0,0,0,0,0,0,1,0,0,0,0,0,0,0,0,0,1,0,0,0,0,0,0,0,1,0,13,0,0,0,0,0,0,0,Each needle insertion is paired with the uttered piercing formula; 13 repetitions are prescribed across body locations.,SRC-SO-PGMIV296
SO13-16,PGM_SourceOrder,PGM IV.850-929,PGM IV.850-929,medium formula spoken seven times into ear,REVELATION_VISION,,TRANSLATION_LEVEL,NO,HIGH,0,0,0,0,0,0,0,1,0,0,0,0,0,0,0,0,0,1,0,0,0,0,0,1,0,0,0,7,0,0,0,0,0,0,0,Formula is repeated seven times directly into the ear of the boy/man medium.,SRC-SO-PGMIV850
SO13-17,PGM_SourceOrder,PGM IV.850-929,PGM IV.850-929,awakening formula recited repeatedly in prescribed stance,REVELATION_VISION,,TRANSLATION_LEVEL,NO,HIGH,0,0,0,0,0,0,0,1,0,0,0,0,0,0,0,0,0,1,0,0,0,0,0,0,0,0,1,0,0,0,0,0,0,0,0,"Practitioner stands away, palms spread on buttocks, feet together, reciting repeatedly until medium moves.",SRC-SO-PGMIV850
SO13-18,PGM_SourceOrder,PGM IV.850-929,PGM IV.850-929,bark like a dog during awakening stage,REVELATION_VISION,,TRANSLATION_LEVEL,NO,HIGH,0,0,0,0,0,0,0,0,1,0,0,0,0,0,0,0,0,0,0,0,0,0,1,0,0,0,0,0,0,0,0,0,0,0,0,Explicit nonlexical animal-vocal execution instruction.,SRC-SO-PGMIV850
SO13-19,PGM_SourceOrder,PGM IV.930-1114,PGM IV.930-1114,dismissal said three times with eyes closed and coupled gestures,REVELATION_VISION,,TRANSLATION_LEVEL,NO,HIGH,0,0,0,0,0,0,0,1,0,0,0,0,0,0,0,0,0,1,0,0,0,0,0,0,0,1,1,3,0,0,0,0,0,0,0,Dismissal: eyes closed; release pebble/lift crown/heel while saying formula three times.,SRC-SO-PGMIV930
SO13-20,PGM_SourceOrder,PGM IV.1331-1389,PGM IV.1331-1389,Bear formula spoken aloud while grasping onion,GENERIC_RITUAL_EFFECT,CONTROL_SUBJECTION,SCHOLARLY_PARAPHRASE,NO,MODERATE,0,0,0,0,0,0,0,1,0,0,0,0,0,0,0,0,0,0,0,0,0,0,0,0,1,1,0,0,0,0,0,0,0,0,0,Secondary scholarly quotation: say aloud while grasping an Egyptian onion.,SRC-SO-PGMIV1331
CTRL13-01,DionysiusThrax,ToneAcute,Techne Grammatikē 3,acute tone: voice heightened,PEDAGOGICAL_PROSODIC_CONTROL,,PRIMARY_ANCIENT_TRANSLATION,NO,HIGH,0,0,0,0,0,0,0,0,0,0,0,1,0,0,0,0,0,0,0,0,0,0,0,0,0,0,0,0,0,0,0,0,0,0,0,Non-ritual grammar/prosody; acute defined by raised vocal tone.,CTRL-DT
CTRL13-02,DionysiusThrax,ToneGrave,Techne Grammatikē 3,grave tone: voice balanced/lowered,PEDAGOGICAL_PROSODIC_CONTROL,,PRIMARY_ANCIENT_TRANSLATION,NO,HIGH,0,0,0,0,0,0,0,0,0,0,0,1,0,0,0,0,0,0,0,0,0,0,0,0,0,0,0,0,0,0,0,0,0,0,0,Non-ritual grammar/prosody; grave contrasted with acute.,CTRL-DT
CTRL13-03,DionysiusThrax,ToneCircumflex,Techne Grammatikē 3,circumflex: voice broken/inflected,PEDAGOGICAL_PROSODIC_CONTROL,,PRIMARY_ANCIENT_TRANSLATION,NO,HIGH,0,0,0,0,0,0,0,0,0,0,0,1,0,0,0,0,0,0,0,0,0,0,0,0,0,0,0,0,0,0,0,0,0,0,0,Non-ritual grammar/prosody; circumflex is a vocal pitch contour.,CTRL-DT
CTRL13-04,DionysiusThrax,SemicolonBreath,Techne Grammatikē 4,semicolon marks where to take breath,PEDAGOGICAL_PROSODIC_CONTROL,,PRIMARY_ANCIENT_TRANSLATION,NO,HIGH,0,0,0,0,0,0,0,0,0,0,0,0,0,0,1,0,0,0,0,0,0,0,0,0,0,0,0,0,0,0,0,0,0,0,0,Explicit breath-placement rule in reading.,CTRL-DT
CTRL13-05,DionysiusThrax,FullStopPause,Techne Grammatikē 5,full stop has a long pause,PEDAGOGICAL_PROSODIC_CONTROL,,PRIMARY_ANCIENT_TRANSLATION,NO,HIGH,0,0,0,0,0,0,0,0,0,0,0,0,1,0,0,0,0,0,0,0,0,0,0,0,0,0,0,0,0,2,0,0,0,0,0,Explicit long pause in ordinary reading.,CTRL-DT
CTRL13-06,DionysiusThrax,CommaPause,Techne Grammatikē 5,comma has a very short pause,PEDAGOGICAL_PROSODIC_CONTROL,,PRIMARY_ANCIENT_TRANSLATION,NO,HIGH,0,0,0,0,0,0,0,0,0,0,0,0,1,0,0,0,0,0,0,0,0,0,0,0,0,0,0,0,0,1,0,0,0,0,0,Explicit short pause in ordinary reading.,CTRL-DT
CTRL13-07,Quintilian,VoicePitchRange,Institutio Oratoria XI.3.15,gradations from highest to lowest and lowest to highest,PEDAGOGICAL_PROSODIC_CONTROL,,PRIMARY_ANCIENT_TRANSLATION,NO,HIGH,0,0,0,0,0,0,0,0,0,0,0,1,0,0,0,0,0,0,0,0,0,0,0,0,0,0,0,0,0,0,0,0,0,0,0,Rhetorical delivery control; pitch range is non-ritual.,CTRL-Q
CTRL13-08,Quintilian,VoiceSharpFlat,Institutio Oratoria XI.3.15,voice may be sharp or flat,PEDAGOGICAL_PROSODIC_CONTROL,,PRIMARY_ANCIENT_TRANSLATION,NO,HIGH,0,0,0,0,0,0,0,0,0,0,0,1,0,0,0,0,0,0,0,0,0,0,0,0,0,0,0,0,0,0,0,0,0,0,0,Explicit vocal-quality/pitch contrast.,CTRL-Q
CTRL13-09,Quintilian,StrongWeakVoice,Institutio Oratoria XI.3.15,voice quantity may be strong or weak,PEDAGOGICAL_PROSODIC_CONTROL,,PRIMARY_ANCIENT_TRANSLATION,NO,HIGH,0,0,0,0,0,0,0,0,0,0,0,0,0,0,0,0,0,0,0,0,0,0,0,0,1,0,0,0,0,0,0,0,0,0,0,Rhetorical volume/intensity control.,CTRL-Q
CTRL13-10,Quintilian,CrescendoFortissimo,Institutio Oratoria XI.3.13,crescendo or sudden fortissimo,PEDAGOGICAL_PROSODIC_CONTROL,,PRIMARY_ANCIENT_TRANSLATION,NO,HIGH,0,0,0,0,0,0,0,0,0,0,0,0,0,0,0,0,0,0,0,0,0,0,0,0,1,0,0,0,0,0,0,0,0,0,0,Non-ritual delivery can prescribe strong dynamic changes.,CTRL-Q
CTRL13-11,Quintilian,VoiceGestureCoupling,Institutio Oratoria XI.3.14,gesture adapted to voice,PEDAGOGICAL_PROSODIC_CONTROL,,PRIMARY_ANCIENT_TRANSLATION,NO,HIGH,0,0,0,0,0,0,0,0,0,0,0,0,0,0,0,0,0,0,0,0,0,0,0,0,0,1,0,0,0,0,0,0,0,0,0,Explicit voice-gesture coordination in rhetoric.,CTRL-Q
CTRL13-12,Quintilian,QuietExordium,Institutio Oratoria XI.3.161,quiet voice with modest gesture,PEDAGOGICAL_PROSODIC_CONTROL,,PRIMARY_ANCIENT_TRANSLATION,NO,HIGH,0,0,0,0,0,0,0,0,0,0,0,0,0,0,0,0,0,0,0,0,0,0,0,0,1,1,0,0,0,0,0,0,0,0,0,Low-intensity delivery coupled to gesture for rhetorical effect.,CTRL-Q
CTRL13-13,Vitruvius,MonotonicSpeech,De Architectura V.4.2,speech-like voice with no perceptible pitch change,PEDAGOGICAL_PROSODIC_CONTROL,,PRIMARY_ANCIENT_TRANSLATION,NO,HIGH,0,0,0,0,0,0,0,0,0,0,0,1,0,0,0,0,0,0,0,0,0,0,0,0,0,0,0,0,0,0,0,0,0,0,0,Aristoxenian musical theory used as secular control.,CTRL-VIT
CTRL13-14,Vitruvius,IntervalVoice,De Architectura V.4.2,"voice moves by intervals, high and low",PEDAGOGICAL_PROSODIC_CONTROL,,PRIMARY_ANCIENT_TRANSLATION,NO,HIGH,0,0,0,0,0,0,0,0,0,0,0,1,0,0,0,0,0,0,0,0,0,0,0,0,0,0,0,0,0,0,0,0,0,0,0,Explicit pitch movement in non-ritual music theory.,CTRL-VIT
CTRL13-15,Vitruvius,SingingVariety,De Architectura V.4.2,singing varies by different pitch inflections,PEDAGOGICAL_PROSODIC_CONTROL,,PRIMARY_ANCIENT_TRANSLATION,NO,HIGH,0,0,0,0,0,0,0,0,0,0,0,1,0,0,0,0,0,0,0,0,0,0,0,0,0,0,0,0,0,0,0,0,0,0,0,"Musical, not ritual, execution.",CTRL-VIT
CTRL13-16,Vitruvius,SpeechTimeMarked,De Architectura V.4.2,time between each sound distinctly marked,PEDAGOGICAL_PROSODIC_CONTROL,,PRIMARY_ANCIENT_TRANSLATION,NO,HIGH,0,0,0,0,0,0,0,0,0,0,0,0,0,0,0,0,0,0,0,0,0,0,0,0,0,0,0,0,0,0,0,0,0,0,0,"Temporal differentiation is explicit, but frozen DURATION_CLASS cannot encode unspecified relative timing; kept in notes only.",CTRL-VIT
CTRL13-17,Vitruvius,HighLowRest,De Architectura V.4.2,high/low pitch with rests on different tones,PEDAGOGICAL_PROSODIC_CONTROL,,PRIMARY_ANCIENT_TRANSLATION,NO,HIGH,0,0,0,0,0,0,0,0,0,0,0,1,1,0,0,0,0,0,0,0,0,0,0,0,0,0,0,0,0,0,0,0,0,0,0,"Rest is musical repose, not ritual silence; included as conservative control analogue.",CTRL-VIT
CTRL13-18,Vitruvius,IntervalDetermination,De Architectura V.4.2,different intervals determine tones,PEDAGOGICAL_PROSODIC_CONTROL,,PRIMARY_ANCIENT_TRANSLATION,NO,HIGH,0,0,0,0,0,0,0,0,0,0,0,1,0,0,0,0,0,0,0,0,0,0,0,0,0,0,0,0,0,0,0,0,0,0,0,Ordinary harmonic theory; no sacred efficacy.,CTRL-VIT
