operator,tradition,source,location,original_term_or_form,transliteration_or_pronunciation,action,target,claimed_or_textual_result,evidence_status,confidence,chronology,notes
CLASSIFY,Marsanes,NHC X / Turner translation,"25-31; esp. 30","Greek loan categories: phōnēenta / hēmiphōna / aphōna; Coptic transmission","vowels / semivowels / mutes","classify sound/letter types","letters/sounds","phonological taxonomy used in sacred nomenclature",ATTESTED,high,"late 3rd-early 4th c. Greek original; 4th c. Coptic codex","Technical Greek phonology embedded in mystical discourse"
COMBINE,Marsanes,NHC X / Turner translation,"30-32","prefix/suffix; combine/separate","BAGADAZATHA etc.","combine consonants and vowels into syllabic patterns","vowels + consonants","nomenclature; patterned syllables",ATTESTED,high,"late 3rd-early 4th c.","Do not equate syllable ladders with proper angel names"
BEAT,Marsanes,NHC X 30*,16,"Coptic term glossed as ictus in critical commentary","beat / ictus","apply rhythmic execution","changed consonants","part of operation preceding semivowel summoning",ATTESTED,high,"late 3rd-early 4th c.","Exact ancient performance realization unknown"
PITCH,Marsanes,NHC X 30*,17,"Coptic term glossed as pitch; commentary points to Greek musical vocabulary","pitch","apply pitch contour","changed consonants","part of operation preceding semivowel summoning",ATTESTED,high,"late 3rd-early 4th c.","Exact interval/melody unknown"
SILENCE,Marsanes,NHC X 30*,18,"silence","silence / pause","insert or employ silence","changed consonants","part of operation preceding semivowel summoning",ATTESTED,high,"late 3rd-early 4th c.","Whether pause, silent state, or other execution value remains open"
HORME,Marsanes,NHC X 30*,18,"ὁρμή","hormē; impulse / attack","apply impulse/onset/action","changed consonants","part of operation preceding semivowel summoning",ATTESTED,medium-high,"late 3rd-early 4th c.","Semantic range broader than modern acoustic attack; key v28 philological target"
SEMIVOWEL_RECRUITMENT,Marsanes,NHC X 30*,19-22,"καλεῖν preserved as Greek loan/underlying verb in edition","kalein; call/summon","summon/recruit","semivowels","semivowels subjected to a single sound / one accord",ATTESTED,high,"late 3rd-early 4th c.","Highest-value residual operator"
SACRED_NOMENCLATURE,Marsanes,NHC X 30*,8-15,"ὀνομασία; ἄγγελος","onomasia; angelos","constitute nomenclature / prefix-suffix hidden gods","angelic/divine nomenclature","sound structures participate in sacred naming",ATTESTED,high,"late 3rd-early 4th c.","Textual connection is secure; full name-generation algorithm is not"
NAMED_BEING,Marsanes,NHC X 64*,19-20,"Γαμαλιήλ / Copticized form","Gamaliel","named revealer/presiding figure","spirits","presides over spirits; aids Marsanes",ATTESTED,high,"late 3rd-early 4th c.","Context badly damaged"
CLASSIFY,Marcus/Irenaeus,Irenaeus Against Heresies I.14,"I.14.5","vowels / semi-vowels / mute letters","standard Greek categories","classify alphabetic powers","24 Greek letters","classes mapped to aeonic powers",ATTESTED,high,"2nd c. report preserved by late-2nd-c. Irenaeus","Historically proximate comparator"
OPERATIVE_PRONUNCIATION,Marcus/Irenaeus,Irenaeus Against Heresies I.14,"I.14.4","peculiar pronunciation; utterance","pronunciation","utter elements of divine name","letters/syllables","elements mix into one letter and one same sound",ATTESTED,high,"2nd c. tradition","Shows many-to-one sound motif predates Marsanes"
MANY_TO_ONE_SOUND,Marcus/Irenaeus,Irenaeus Against Heresies I.14,"I.14.4","one letter / one and the same sound","single utterance","mix/converge","name-elements","restitution when all converge into one sound",ATTESTED,high,"2nd c. tradition","Demotes many-to-one sound from Marsanes novelty"
CLASSIFY,Greek theory,Dionysius of Halicarnassus On Literary Composition,"ch. 14-15","γράμματα; φωνήεντα; ἡμίφωνα; ἄφωνα","grammata; phōnēenta; hēmiphōna; aphōna","classify letters and articulation","Greek speech sounds","technical phonetic hierarchy",ATTESTED,high,"1st c. BCE","Ordinary technical substrate"
PITCH,Greek theory,Dionysius of Halicarnassus On Literary Composition,"discussion of speech melody","pitch/melody terminology","speech melody","control/describe vocal contour","spoken language","musical quality of speech",ATTESTED,high,"1st c. BCE","Shows pitch need not be magical"
RHYTHM,Greek theory,Dionysius of Halicarnassus On Literary Composition,"composition/rhythm discussion","rhythm / timing","rhythmos","organize temporal delivery","speech/syllables","measured delivery and stylistic effect",ATTESTED,high,"1st c. BCE","Control for beat/rhythm"
DURATION,Greek theory,Dionysius of Halicarnassus On Literary Composition,"ch. 15","long/short; delivery duration","quantity","vary time to utter","syllables","different actual durations",ATTESTED,high,"1st c. BCE","Control for temporal execution"
CLASSIFY,Sefer Yetzirah,Sefaria Sefer Yetzirah 2.1-2.3,"2.1-2.3","שלש אמות שבע כפולות ושתים עשרה פשוטות","three mothers; seven doubles; twelve simples","classify letters","22 Hebrew letters","cosmic/anthropological letter taxonomy",ATTESTED,high,"date/redaction debated; late antique/early medieval","Use version-sensitive coding"
COMBINE,Sefer Yetzirah,Sefaria Sefer Yetzirah 2.2-2.3,"2.2","חקקן חצבן שקלן והמירן צרפן","carve, hew, weigh, exchange, combine","transform/permutate","22 letters","form souls/created beings",ATTESTED,high,"date/redaction debated","Strong sacred-letter operator but no Marsanes execution bundle"
VOICE_BREATH,Sefer Yetzirah,Sefaria Sefer Yetzirah 2.3,"2.3","חקוקות בקול חצובות ברוח","engraved with voice; carved with breath","voice/breath articulation","letters","placed in mouth at five articulatory regions",ATTESTED,high,"date/redaction debated","Phonetic articulation present"
TABLE_EXTRACTION,Enochian,Dee/Kelley Liber Loagaeth / Sloane 3188-3189,"1583 production notes","49-row/table structures; letter-by-letter dictation","Loagaeth pronounced Logah per Dee note","dictate/extract written sacred language","letter arrays / tables","revealed sacred text and names",ATTESTED,medium-high,"1583 CE","Late comparator only; structural analogy not genealogy"
PRONUNCIATION,Enochian,Dee/Kelley Liber Loagaeth / Sloane 3188-3189,"1583 production notes","pronunciation notes reported during reception","variable; original performance uncertain","pronounce revealed words","Angelical/Enochian words","ritual/revelatory use",ATTESTED,medium,"1583 CE","Do not assume later Golden Dawn pronunciation is Dee's"
BEAT,Enochian,Dee/Kelley primary material,"—","—","—","—","—","no secure primary evidence identified",ATTESTED_ABSENCE,medium,"1583 CE","Do not infer beat from later chanting style"
PITCH,Enochian,Dee/Kelley primary material,"—","—","—","—","—","no secure primary evidence identified",ATTESTED_ABSENCE,medium,"1583 CE","Do not infer pitch system without source"
SEMIVOWEL_RECRUITMENT,Enochian,Dee/Kelley primary material,"—","—","—","—","—","no analogue identified",ATTESTED_ABSENCE,medium,"1583 CE","Useful adversarial control"
