source_id,source,role,status
X30V16-01,"Claremont Nag Hammadi Archive, Codex X page 30, item 1243","facsimile target identification","CATALOG_VERIFIED_IMAGE_NOT_DIRECTLY_VIEWED"
X30V16-02,"Nag Hammadi Codices IX and X, ed. Birger A. Pearson, 1981, p. 305","critical text, translation, lexical/editorial notes","USED"
X30V16-03,"Funk, Poirier, Turner, Marsanès (NH X,1), 2000","later critical-edition lineage","USED_VIA_TURNER_TRANSLATION_AND_SCHOLARSHIP"
X30V16-04,"John D. Turner scholar translation of Marsanes","prefix/suffix + forward attachment of performance bundle","USED"
X30V16-05,"Coptic Dictionary Online, ϩⲩⲡⲟⲧⲁⲥⲥⲉ","submit/subject/suffix semantic range","USED"
X30V16-06,"Coptic Dictionary Online, ⲕⲁⲣⲱϥ","silence","USED"
X30V16-07,"Coptic Dictionary Online, ϩⲟⲣⲙⲏ","impulse/cue/timing semantic range","USED"
X30V16-08,"Dylan M. Burns, recent study of magical/occult elements in Nag Hammadi","voces magicae / angelic naming interpretation and alternative angelic-language comparison","USED"
X30V16-09,"Paul Linjamaa, Vowel Constellations and Secret Language","broader aurality/sacred-language context","USED"
